delete from hero;
delete from user;
delete from role;
INSERT INTO user (id, firstName, lastName, username, password) VALUES (1, 'Joe','Coyne','jcoyne', 'supersecret1'), (2, 'Fred','Hensen','fhensen', 'supersecret2'), (3, 'Barney','Curry','bcurry', 'supersecret3'), (4, 'Karen','Mack','kmack', 'supersecret4'), (5, 'Dianne','Klein','dklein', 'supersecret5'), (6, 'Dawn','Tillman','dtillman', 'supersecret6');
INSERT INTO role (id, role, user_id, username) VALUES (1 , 'user', 1, 'jcoyne'), (2 , 'user', 2, 'fhensen'), (3 , 'user', 3,'bcurry'), (4 , 'user', 4,'kmack'), (5 , 'admin', 5,'dklein'), (6 , 'admin', 6,'dtillman');
INSERT INTO hero (id, heroName, heroImage) VALUES (1, 'ana', 'https://i.imgur.com/R70kEuV.png'), (2, 'ashe', 'https://d1u1mce87gyfbn.cloudfront.net/hero/ashe/hero-select-portrait.png'), (3, 'baptiste', 'https://d1u1mce87gyfbn.cloudfront.net/hero/baptiste/hero-select-portrait.png'), (4, 'bastion', 'https://i.imgur.com/25k0dlF.png'), (5, 'd.va', 'https://i.imgur.com/zx76TRI.png'), (6, 'doomfist', 'https://i.imgur.com/LEQfTd2.png'), (7, 'gengi', 'https://i.imgur.com/RUySIT1.png'), (8, 'hanzo' , 'https://i.imgur.com/AHME6ck.png'), (9, 'junk rat', 'https://i.imgur.com/VeCGieK.png'), (10, 'lucio', 'https://i.imgur.com/UKpT7Ln.png'), (11, 'mcree', 'https://i.imgur.com/tIj67gl.png'), (12, 'mei', 'https://i.imgur.com/bhVqPWE.png'), (13, 'mercy', 'https://i.imgur.com/dTWcNrO.png'), (14, 'moira', 'https://i.imgur.com/dMzJRx4.png'), (15, 'orisa', 'https://i.imgur.com/4nLSBXL.png'), (16, 'pharah', 'https://i.imgur.com/ZRGL2hJ.png'), (17, 'reaper', 'https://i.imgur.com/Z8JNoaO.png'), (18, 'reinhardt', 'https://i.imgur.com/0xTV9u1.png'), (19, 'roadhog', 'https://i.imgur.com/hIQrBF7.png'), (20, 'soldier 76', 'https://i.imgur.com/9SMgUdA.png'), (21, 'sombra', 'https://i.imgur.com/GMyspku.png'), (22, 'symmetra', 'https://i.imgur.com/tVrL4pA.png'), (23, 'torbjorn', 'https://i.imgur.com/ibQviur.png'), (24, 'tracer', 'https://i.imgur.com/5NkMJYk.png'), (25, 'widowmaker', 'https://i.imgur.com/8oA1Sy7.png'), (26, 'winston', 'https://i.imgur.com/oUiXjZQ.png'), (27, 'zarya', 'https://i.imgur.com/4HgMoOS.png'), (28, 'zenyetta', 'https://i.imgur.com/xNg8xOb.png'), (29, 'sigma', 'https://d1u1mce87gyfbn.cloudfront.net/hero/sigma/hero-select-portrait.png'), (30, 'brigitte', 'https://d1u1mce87gyfbn.cloudfront.net/hero/brigitte/hero-select-portrait.png'), (31, 'wrecking ball', 'https://d1u1mce87gyfbn.cloudfront.net/hero/wrecking-ball/hero-select-portrait.png'), (32, 'echo', 'https://d1u1mce87gyfbn.cloudfront.net/hero/echo/hero-select-portrait.png');
INSERT INTO profile (id, ign, level, winRate, playTime, primaryHero, qpWinRate, qpPlayTime, qpPrimaryHero, user_id) VALUES (1, 'FractalMan#2913', '522', 80, '2hr 24min', 'Mcree', 51, '14d 2hr 24m', 'hanzo', 1), (2, 'Fr0sty#1123', '125', 80, '8hr 22min', 'Soldier 76', 51, '24d 2hr 16m', 'Ana', 2), (3, 'Kyul#11758', '836', 80, '19hr 24min', 'Zarya', 51, '25d 2hr 24m', 'Ashe', 3), (4, 'TMG#11511', '945', 80, '8hr 54min', 'Baptiste', 51, '19d 2hr 36m', 'Baptiste', 4), (5, 'DanTheViking#11209', '46', 80, '4hr 4min', 'Zenyetta', 51, '6d 1hr 23m', 'Moira', 5), (6, 'SlimCognito#1982', '476', 80, '4hr 44min', 'D.VA', 51, '27d 1hr 29m', 'Wrecking Ball', 6);