delete from hero;
delete from user;
delete from role;
INSERT INTO user (id, firstName, lastName, username, password) VALUES (1, 'Joe','Coyne','jcoyne', 'supersecret1'), (2, 'Fred','Hensen','fhensen', 'supersecret2'), (3, 'Barney','Curry','bcurry', 'supersecret3'), (4, 'Karen','Mack','kmack', 'supersecret4'), (5, 'Dianne','Klein','dklein', 'supersecret5'), (6, 'Dawn','Tillman','dtillman', 'supersecret6');
INSERT INTO role (id, role, user_id, username) VALUES (1 , 'user', 1, 'jcoyne'), (2 , 'user', 2, 'fhensen'), (3 , 'user', 3,'bcurry'), (4 , 'user', 4,'kmack'), (5 , 'admin', 5,'dklein'), (6 , 'admin', 6,'dtillman');
INSERT INTO hero (id, heroName, heroImage, heroLink) VALUES (1, 'ana', 'https://i.imgur.com/R70kEuV.png', 'https://playoverwatch.com/en-us/heroes/ana/'), (2, 'ashe', 'https://d1u1mce87gyfbn.cloudfront.net/hero/ashe/hero-select-portrait.png', 'https://playoverwatch.com/en-us/heroes/ashe/'), (3, 'baptiste', 'https://d1u1mce87gyfbn.cloudfront.net/hero/baptiste/hero-select-portrait.png', 'https://playoverwatch.com/en-us/heroes/baptiste/'), (4, 'bastion', 'https://i.imgur.com/25k0dlF.png', 'https://playoverwatch.com/en-us/heroes/bastion/'), (5, 'd.va', 'https://i.imgur.com/zx76TRI.png', 'https://playoverwatch.com/en-us/heroes/dva/'), (6, 'doomfist', 'https://i.imgur.com/LEQfTd2.png', 'https://playoverwatch.com/en-us/heroes/doomfist/'), (7, 'gengi', 'https://i.imgur.com/RUySIT1.png', 'https://playoverwatch.com/en-us/heroes/gengi/'), (8, 'hanzo' , 'https://i.imgur.com/AHME6ck.png', 'https://playoverwatch.com/en-us/heroes/hanzo/'), (9, 'junk rat', 'https://i.imgur.com/VeCGieK.png', 'https://playoverwatch.com/en-us/heroes/junkrat/'), (10, 'lucio', 'https://i.imgur.com/UKpT7Ln.png', 'https://playoverwatch.com/en-us/heroes/lucio/'), (11, 'mcree', 'https://i.imgur.com/tIj67gl.png', 'https://playoverwatch.com/en-us/heroes/mcree/'), (12, 'mei', 'https://i.imgur.com/bhVqPWE.png', 'https://playoverwatch.com/en-us/heroes/mei/'), (13, 'mercy', 'https://i.imgur.com/dTWcNrO.png', 'https://playoverwatch.com/en-us/heroes/mercy/'), (14, 'moira', 'https://i.imgur.com/dMzJRx4.png', 'https://playoverwatch.com/en-us/heroes/moira/'), (15, 'orisa', 'https://i.imgur.com/4nLSBXL.png', 'https://playoverwatch.com/en-us/heroes/orisa/'), (16, 'pharah', 'https://i.imgur.com/ZRGL2hJ.png', 'https://playoverwatch.com/en-us/heroes/pharah/'), (17, 'reaper', 'https://i.imgur.com/Z8JNoaO.png', 'https://playoverwatch.com/en-us/heroes/reaper/'), (18, 'reinhardt', 'https://i.imgur.com/0xTV9u1.png', 'https://playoverwatch.com/en-us/heroes/reinhardt/'), (19, 'roadhog', 'https://i.imgur.com/hIQrBF7.png', 'https://playoverwatch.com/en-us/heroes/roadhog/'), (20, 'soldier 76', 'https://i.imgur.com/9SMgUdA.png', 'https://playoverwatch.com/en-us/heroes/soldier-76/'), (21, 'sombra', 'https://i.imgur.com/GMyspku.png', 'https://playoverwatch.com/en-us/heroes/sombra/'), (22, 'symmetra', 'https://i.imgur.com/tVrL4pA.png', 'https://playoverwatch.com/en-us/heroes/symmetra/'), (23, 'torbjorn', 'https://i.imgur.com/ibQviur.png', 'https://playoverwatch.com/en-us/heroes/torbjorn/'), (24, 'tracer', 'https://i.imgur.com/5NkMJYk.png', 'https://playoverwatch.com/en-us/heroes/tracer/'), (25, 'widowmaker', 'https://i.imgur.com/8oA1Sy7.png', 'https://playoverwatch.com/en-us/heroes/widowmaker/'), (26, 'winston', 'https://i.imgur.com/oUiXjZQ.png', 'https://playoverwatch.com/en-us/heroes/winston/'), (27, 'zarya', 'https://i.imgur.com/4HgMoOS.png', 'https://playoverwatch.com/en-us/heroes/zarya/'), (28, 'zenyetta', 'https://i.imgur.com/xNg8xOb.png', 'https://playoverwatch.com/en-us/heroes/zenyetta/'), (29, 'sigma', 'https://d1u1mce87gyfbn.cloudfront.net/hero/sigma/hero-select-portrait.png', 'https://playoverwatch.com/en-us/heroes/sigma/'), (30, 'brigitte', 'https://d1u1mce87gyfbn.cloudfront.net/hero/brigitte/hero-select-portrait.png', 'https://playoverwatch.com/en-us/heroes/brigitte/'), (31, 'wrecking ball', 'https://d1u1mce87gyfbn.cloudfront.net/hero/wrecking-ball/hero-select-portrait.png', 'https://playoverwatch.com/en-us/heroes/wrecking-ball/'), (32, 'echo', 'https://d1u1mce87gyfbn.cloudfront.net/hero/echo/hero-select-portrait.png', 'https://playoverwatch.com/en-us/heroes/echo/');
INSERT INTO profile (id, ign, level, winRate, playTime, primaryHero, qpWinRate, qpPlayTime, qpPrimaryHero, user_id) VALUES (1, 'FractalMan#2913', '522', 80, '2hr 24min', 'Mcree', 51, '14d 2hr 24m', 'hanzo', 1), (2, 'Fr0sty#1123', '125', 77, '8hr 22min', 'Soldier 76', 64, '24d 2hr 16m', 'Ana', 2), (3, 'Kyul#11758', '836', 80, '19hr 24min', 'Zarya', 51, '25d 2hr 24m', 'Ashe', 3), (4, 'TMG#11511', '945', 87, '8hr 54min', 'Baptiste', 92, '19d 2hr 36m', 'Baptiste', 4), (5, 'DanTheViking#11209', '46', 45, '4hr 4min', 'Zenyetta', 65, '6d 1hr 23m', 'Moira', 5), (6, 'SlimCognito#1982', '476', 75, '4hr 44min', 'D.VA', 49, '27d 1hr 29m', 'Wrecking Ball', 6);